img/asb.old/0/asb-0000.png,1000,2139,0.467508
img/asb.old/0/asb-0001.png,1000,2282,0.438212
img/asb.old/0/asb-0002.png,1000,1481,0.675219
img/asb.old/0/asb-0003.png,1000,1618,0.618047
img/asb.old/0/asb-0004.png,1000,1656,0.603865
img/asb.old/0/asb-0005.png,1000,1606,0.622665
img/asb.old/0/asb-0006.png,1000,1654,0.604595
img/asb.old/0/asb-0007.png,1000,1657,0.6035
img/asb.old/0/asb-0008.png,1000,1657,0.6035
img/asb.old/0/asb-0009.png,1000,1642,0.609013
img/asb.old/0/asb-0010.png,1024,1595,0.642006
img/asb.old/0/asb-0011.png,1024,1595,0.642006
img/asb.old/0/asb-0012.png,1024,1595,0.642006
img/asb.old/0/asb-0013.png,1024,1595,0.642006
img/asb.old/0/asb-0014.png,1024,1595,0.642006
img/asb.old/0/asb-0015.png,1024,1595,0.642006
img/asb.old/0/asb-0016.png,1024,1595,0.642006
img/asb.old/0/asb-0017.png,1024,1595,0.642006
img/asb.old/0/asb-0018.png,1024,1595,0.642006
img/asb.old/0/asb-0019.png,1024,1595,0.642006
img/asb.old/0/asb-0020.png,1024,1595,0.642006
img/asb.old/0/asb-0021.png,1024,1595,0.642006
img/asb.old/0/asb-0022.png,1024,1595,0.642006
img/asb.old/0/asb-0023.png,1024,1595,0.642006
img/asb.old/0/asb-0024.png,1024,1595,0.642006
img/asb.old/0/asb-0025.png,1024,1595,0.642006
img/asb.old/0/asb-0026.png,1024,1595,0.642006
img/asb.old/0/asb-0027.png,1024,1595,0.642006
img/asb.old/0/asb-0028.png,1024,1595,0.642006
img/asb.old/0/asb-0029.png,1024,1595,0.642006
img/asb.old/0/asb-0030.png,1024,1595,0.642006
img/asb.old/0/asb-0031.png,1024,1595,0.642006
img/asb.old/0/asb-0032.png,1024,1595,0.642006
img/asb.old/0/asb-0033.png,1024,1595,0.642006
img/asb.old/0/asb-0034.png,1024,1595,0.642006
img/asb.old/0/asb-0035.png,1024,1595,0.642006
img/asb.old/0/asb-0036.png,1024,1595,0.642006
img/asb.old/0/asb-0037.png,1024,1595,0.642006
img/asb.old/0/asb-0038.png,1024,1595,0.642006
img/asb.old/0/asb-0039.png,1024,1595,0.642006
img/asb.old/0/asb-0040.png,1024,1595,0.642006
img/asb.old/0/asb-0041.png,1024,1595,0.642006
img/asb.old/0/asb-0042.png,1024,1595,0.642006
img/asb.old/0/asb-0043.png,1024,1595,0.642006
img/asb.old/0/asb-0044.png,1024,1595,0.642006
img/asb.old/0/asb-0045.png,1024,1595,0.642006
img/asb.old/0/asb-0046.png,1024,1595,0.642006
img/asb.old/0/asb-0047.png,1024,1595,0.642006
img/asb.old/0/asb-0048.png,1024,1595,0.642006
img/asb.old/0/asb-0049.png,1024,1595,0.642006
img/asb.old/0/asb-0050.png,1024,1595,0.642006
img/asb.old/0/asb-0051.png,1024,1595,0.642006
img/asb.old/0/asb-0052.png,1024,1595,0.642006
img/asb.old/0/asb-0053.png,1024,1595,0.642006
img/asb.old/0/asb-0054.png,1024,1595,0.642006
img/asb.old/0/asb-0055.png,1024,1595,0.642006
img/asb.old/0/asb-0056.png,1024,1595,0.642006
img/asb.old/0/asb-0057.png,1024,1595,0.642006
img/asb.old/0/asb-0058.png,1024,1595,0.642006
img/asb.old/0/asb-0059.png,1024,1595,0.642006
img/asb.old/0/asb-0060.png,1024,1595,0.642006
img/asb.old/0/asb-0061.png,1024,1595,0.642006
img/asb.old/0/asb-0062.png,1024,1595,0.642006
img/asb.old/0/asb-0063.png,1024,1595,0.642006
img/asb.old/0/asb-0064.png,1024,1595,0.642006
img/asb.old/0/asb-0065.png,1024,1595,0.642006
img/asb.old/0/asb-0066.png,1024,1595,0.642006
img/asb.old/0/asb-0067.png,1024,1595,0.642006
img/asb.old/0/asb-0068.png,1024,1595,0.642006
img/asb.old/0/asb-0069.png,1024,1595,0.642006
img/asb.old/0/asb-0070.png,1024,1595,0.642006
img/asb.old/0/asb-0071.png,1024,1595,0.642006
img/asb.old/0/asb-0072.png,1024,1595,0.642006
img/asb.old/0/asb-0073.png,1024,1595,0.642006
img/asb.old/0/asb-0074.png,1024,1595,0.642006
img/asb.old/0/asb-0075.png,1024,1595,0.642006
img/asb.old/0/asb-0076.png,1024,1595,0.642006
img/asb.old/0/asb-0077.png,1024,1595,0.642006
img/asb.old/0/asb-0078.png,1024,1595,0.642006
img/asb.old/0/asb-0079.png,1024,1595,0.642006
img/asb.old/0/asb-0080.png,1024,1595,0.642006
img/asb.old/0/asb-0081.png,1024,1595,0.642006
img/asb.old/0/asb-0082.png,1024,1595,0.642006
img/asb.old/0/asb-0083.png,1024,1595,0.642006
img/asb.old/0/asb-0084.png,1024,1595,0.642006
img/asb.old/0/asb-0085.png,1024,1595,0.642006
img/asb.old/0/asb-0086.png,1024,1595,0.642006
img/asb.old/0/asb-0087.png,1024,1595,0.642006
img/asb.old/0/asb-0088.png,1024,1595,0.642006
img/asb.old/0/asb-0089.png,1024,1595,0.642006
img/asb.old/0/asb-0090.png,1024,1595,0.642006
img/asb.old/0/asb-0091.png,1024,1595,0.642006
img/asb.old/0/asb-0092.png,1024,1595,0.642006
img/asb.old/0/asb-0093.png,1024,1595,0.642006
img/asb.old/0/asb-0094.png,1024,1595,0.642006
img/asb.old/0/asb-0095.png,1024,1595,0.642006
img/asb.old/0/asb-0096.png,1024,1595,0.642006
img/asb.old/0/asb-0097.png,1024,1595,0.642006
img/asb.old/0/asb-0098.png,1024,1595,0.642006
img/asb.old/0/asb-0099.png,1024,1595,0.642006
img/asb.old/10/asb-1000.png,1024,1595,0.642006
img/asb.old/10/asb-1001.png,1024,1595,0.642006
img/asb.old/10/asb-1002.png,1024,1595,0.642006
img/asb.old/10/asb-1003.png,1024,1595,0.642006
img/asb.old/10/asb-1004.png,1024,1595,0.642006
img/asb.old/10/asb-1005.png,1024,1595,0.642006
img/asb.old/10/asb-1006.png,1024,1595,0.642006
img/asb.old/10/asb-1007.png,1024,1595,0.642006
img/asb.old/10/asb-1008.png,1024,1595,0.642006
img/asb.old/10/asb-1009.png,1024,1595,0.642006
img/asb.old/10/asb-1010.png,1024,1595,0.642006
img/asb.old/10/asb-1011.png,1024,1595,0.642006
img/asb.old/10/asb-1012.png,1024,1595,0.642006
img/asb.old/10/asb-1013.png,1024,1595,0.642006
img/asb.old/10/asb-1014.png,1024,1595,0.642006
img/asb.old/10/asb-1015.png,1024,1595,0.642006
img/asb.old/10/asb-1016.png,1024,1595,0.642006
img/asb.old/10/asb-1017.png,1024,1595,0.642006
img/asb.old/10/asb-1018.png,1024,1595,0.642006
img/asb.old/10/asb-1019.png,1024,1595,0.642006
img/asb.old/10/asb-1020.png,1024,1595,0.642006
img/asb.old/10/asb-1021.png,1024,1595,0.642006
img/asb.old/10/asb-1022.png,1024,1595,0.642006
img/asb.old/10/asb-1023.png,1024,1595,0.642006
img/asb.old/10/asb-1024.png,1024,1595,0.642006
img/asb.old/10/asb-1025.png,1024,1595,0.642006
img/asb.old/10/asb-1026.png,1024,1595,0.642006
img/asb.old/10/asb-1027.png,1024,1595,0.642006
img/asb.old/10/asb-1028.png,1024,1595,0.642006
img/asb.old/10/asb-1029.png,1024,1595,0.642006
img/asb.old/10/asb-1030.png,1024,1595,0.642006
img/asb.old/10/asb-1031.png,1024,1595,0.642006
img/asb.old/10/asb-1032.png,1024,1595,0.642006
img/asb.old/10/asb-1033.png,1024,1595,0.642006
img/asb.old/10/asb-1034.png,1024,1595,0.642006
img/asb.old/10/asb-1035.png,1024,1595,0.642006
img/asb.old/10/asb-1036.png,1024,1595,0.642006
img/asb.old/10/asb-1037.png,1024,1595,0.642006
img/asb.old/10/asb-1038.png,1024,1595,0.642006
img/asb.old/10/asb-1039.png,1024,1595,0.642006
img/asb.old/10/asb-1040.png,1024,1595,0.642006
img/asb.old/10/asb-1041.png,1024,1595,0.642006
img/asb.old/10/asb-1042.png,1024,1595,0.642006
img/asb.old/10/asb-1043.png,1024,1595,0.642006
img/asb.old/10/asb-1044.png,1024,1595,0.642006
img/asb.old/10/asb-1045.png,1024,1595,0.642006
img/asb.old/10/asb-1046.png,1024,1595,0.642006
img/asb.old/10/asb-1047.png,1024,1595,0.642006
img/asb.old/10/asb-1048.png,1024,1595,0.642006
img/asb.old/10/asb-1049.png,1024,1595,0.642006
img/asb.old/10/asb-1050.png,1024,1595,0.642006
img/asb.old/10/asb-1051.png,1024,1595,0.642006
img/asb.old/10/asb-1052.png,1024,1595,0.642006
img/asb.old/10/asb-1053.png,1024,1595,0.642006
img/asb.old/10/asb-1054.png,1024,1595,0.642006
img/asb.old/10/asb-1055.png,1024,1595,0.642006
img/asb.old/10/asb-1056.png,1024,1595,0.642006
img/asb.old/10/asb-1057.png,1024,1595,0.642006
img/asb.old/10/asb-1058.png,1024,1595,0.642006
img/asb.old/10/asb-1059.png,1024,1595,0.642006
img/asb.old/10/asb-1060.png,1024,1595,0.642006
img/asb.old/10/asb-1061.png,1024,1595,0.642006
img/asb.old/10/asb-1062.png,1024,1595,0.642006
img/asb.old/10/asb-1063.png,1024,1595,0.642006
img/asb.old/10/asb-1064.png,1024,1595,0.642006
img/asb.old/10/asb-1065.png,1024,1595,0.642006
img/asb.old/10/asb-1066.png,1024,1595,0.642006
img/asb.old/10/asb-1067.png,1024,1595,0.642006
img/asb.old/10/asb-1068.png,1024,1595,0.642006
img/asb.old/10/asb-1069.png,1024,1595,0.642006
img/asb.old/10/asb-1070.png,1024,1595,0.642006
img/asb.old/10/asb-1071.png,1024,1595,0.642006
img/asb.old/10/asb-1072.png,1024,1595,0.642006
img/asb.old/10/asb-1073.png,1024,1595,0.642006
img/asb.old/10/asb-1074.png,1024,1595,0.642006
img/asb.old/10/asb-1075.png,1024,1595,0.642006
img/asb.old/10/asb-1076.png,1024,1595,0.642006
img/asb.old/10/asb-1077.png,1024,1595,0.642006
img/asb.old/10/asb-1078.png,1024,1595,0.642006
img/asb.old/10/asb-1079.png,1024,1595,0.642006
img/asb.old/10/asb-1080.png,1024,1595,0.642006
img/asb.old/10/asb-1081.png,1024,1595,0.642006
img/asb.old/10/asb-1082.png,1024,1595,0.642006
img/asb.old/10/asb-1083.png,1024,1595,0.642006
img/asb.old/10/asb-1084.png,1024,1595,0.642006
img/asb.old/10/asb-1085.png,1024,1595,0.642006
img/asb.old/10/asb-1086.png,1024,1595,0.642006
img/asb.old/10/asb-1087.png,1024,1595,0.642006
img/asb.old/10/asb-1088.png,1024,1595,0.642006
img/asb.old/10/asb-1089.png,1024,1595,0.642006
img/asb.old/10/asb-1090.png,1024,1595,0.642006
img/asb.old/10/asb-1091.png,1024,1595,0.642006
img/asb.old/10/asb-1092.png,1024,1595,0.642006
img/asb.old/10/asb-1093.png,1024,1595,0.642006
img/asb.old/10/asb-1094.png,1024,1595,0.642006
img/asb.old/10/asb-1095.png,1024,1595,0.642006
img/asb.old/10/asb-1096.png,1024,1595,0.642006
img/asb.old/10/asb-1097.png,1024,1595,0.642006
img/asb.old/10/asb-1098.png,1024,1595,0.642006
img/asb.old/10/asb-1099.png,1024,1595,0.642006
img/asb.old/11/asb-1100.png,1024,1595,0.642006
img/asb.old/11/asb-1101.png,1024,1595,0.642006
img/asb.old/11/asb-1102.png,1024,1595,0.642006
img/asb.old/11/asb-1103.png,1024,1595,0.642006
img/asb.old/11/asb-1104.png,1024,1595,0.642006
img/asb.old/11/asb-1105.png,1024,1595,0.642006
img/asb.old/11/asb-1106.png,1024,1595,0.642006
img/asb.old/11/asb-1107.png,1024,1595,0.642006
img/asb.old/11/asb-1108.png,1024,1595,0.642006
img/asb.old/11/asb-1109.png,1024,1595,0.642006
img/asb.old/11/asb-1110.png,1024,1595,0.642006
img/asb.old/11/asb-1111.png,1024,1595,0.642006
img/asb.old/11/asb-1112.png,1024,1595,0.642006
img/asb.old/11/asb-1113.png,1024,1595,0.642006
img/asb.old/11/asb-1114.png,1024,1595,0.642006
img/asb.old/11/asb-1115.png,1024,1595,0.642006
img/asb.old/11/asb-1116.png,1024,1595,0.642006
img/asb.old/11/asb-1117.png,1024,1595,0.642006
img/asb.old/11/asb-1118.png,1024,1595,0.642006
img/asb.old/11/asb-1119.png,1024,1595,0.642006
img/asb.old/11/asb-1120.png,1024,1595,0.642006
img/asb.old/11/asb-1121.png,1024,1595,0.642006
img/asb.old/11/asb-1122.png,1024,1595,0.642006
img/asb.old/11/asb-1123.png,1024,1595,0.642006
img/asb.old/11/asb-1124.png,1024,1595,0.642006
img/asb.old/11/asb-1125.png,1024,1595,0.642006
img/asb.old/11/asb-1126.png,1024,1595,0.642006
img/asb.old/11/asb-1127.png,1024,1595,0.642006
img/asb.old/11/asb-1128.png,1024,1595,0.642006
img/asb.old/11/asb-1129.png,1024,1595,0.642006
img/asb.old/11/asb-1130.png,1024,1595,0.642006
img/asb.old/11/asb-1131.png,1024,1595,0.642006
img/asb.old/11/asb-1132.png,1024,1595,0.642006
img/asb.old/11/asb-1133.png,1024,1595,0.642006
img/asb.old/11/asb-1134.png,1024,1595,0.642006
img/asb.old/11/asb-1135.png,1024,1595,0.642006
img/asb.old/11/asb-1136.png,1024,1595,0.642006
img/asb.old/11/asb-1137.png,1024,1595,0.642006
img/asb.old/11/asb-1138.png,1024,1595,0.642006
img/asb.old/11/asb-1139.png,1024,1595,0.642006
img/asb.old/11/asb-1140.png,1024,1595,0.642006
img/asb.old/11/asb-1141.png,1024,1595,0.642006
img/asb.old/11/asb-1142.png,1024,1595,0.642006
img/asb.old/11/asb-1143.png,1024,1595,0.642006
img/asb.old/11/asb-1144.png,1024,1595,0.642006
img/asb.old/11/asb-1145.png,1024,1595,0.642006
img/asb.old/11/asb-1146.png,1024,1595,0.642006
img/asb.old/11/asb-1147.png,1024,1595,0.642006
img/asb.old/11/asb-1148.png,1024,1595,0.642006
img/asb.old/11/asb-1149.png,1024,1595,0.642006
img/asb.old/11/asb-1150.png,1024,1595,0.642006
img/asb.old/11/asb-1151.png,1024,1595,0.642006
img/asb.old/11/asb-1152.png,1024,1595,0.642006
img/asb.old/11/asb-1153.png,1024,1595,0.642006
img/asb.old/11/asb-1154.png,1024,1595,0.642006
img/asb.old/11/asb-1155.png,1024,1595,0.642006
img/asb.old/11/asb-1156.png,1024,1595,0.642006
img/asb.old/11/asb-1157.png,1024,1595,0.642006
img/asb.old/11/asb-1158.png,1024,1595,0.642006
img/asb.old/11/asb-1159.png,1024,1595,0.642006
img/asb.old/11/asb-1160.png,1024,1595,0.642006
img/asb.old/11/asb-1161.png,1024,1595,0.642006
img/asb.old/11/asb-1162.png,1024,1595,0.642006
img/asb.old/11/asb-1163.png,1024,1595,0.642006
img/asb.old/11/asb-1164.png,1024,1595,0.642006
img/asb.old/11/asb-1165.png,1024,1595,0.642006
img/asb.old/11/asb-1166.png,1024,1595,0.642006
img/asb.old/11/asb-1167.png,1024,1595,0.642006
img/asb.old/11/asb-1168.png,1024,1595,0.642006
img/asb.old/11/asb-1169.png,1024,1595,0.642006
img/asb.old/11/asb-1170.png,1024,1595,0.642006
img/asb.old/11/asb-1171.png,1024,1595,0.642006
img/asb.old/11/asb-1172.png,1024,1595,0.642006
img/asb.old/11/asb-1173.png,1024,1595,0.642006
img/asb.old/11/asb-1174.png,1024,1595,0.642006
img/asb.old/11/asb-1175.png,1024,1595,0.642006
img/asb.old/11/asb-1176.png,1024,1595,0.642006
img/asb.old/11/asb-1177.png,1024,1595,0.642006
img/asb.old/11/asb-1178.png,1024,1595,0.642006
img/asb.old/11/asb-1179.png,1024,1595,0.642006
img/asb.old/11/asb-1180.png,1024,1595,0.642006
img/asb.old/11/asb-1181.png,1024,1595,0.642006
img/asb.old/11/asb-1182.png,1024,1595,0.642006
img/asb.old/11/asb-1183.png,1024,1595,0.642006
img/asb.old/11/asb-1184.png,1024,1595,0.642006
img/asb.old/11/asb-1185.png,1024,1595,0.642006
img/asb.old/11/asb-1186.png,1024,1595,0.642006
img/asb.old/11/asb-1187.png,1024,1595,0.642006
img/asb.old/11/asb-1188.png,1024,1595,0.642006
img/asb.old/11/asb-1189.png,1024,1595,0.642006
img/asb.old/11/asb-1190.png,1024,1595,0.642006
img/asb.old/11/asb-1191.png,1024,1595,0.642006
img/asb.old/11/asb-1192.png,1024,1595,0.642006
img/asb.old/11/asb-1193.png,1024,1595,0.642006
img/asb.old/11/asb-1194.png,1024,1595,0.642006
img/asb.old/11/asb-1195.png,1024,1595,0.642006
img/asb.old/11/asb-1196.png,1024,1595,0.642006
img/asb.old/11/asb-1197.png,1024,1595,0.642006
img/asb.old/11/asb-1198.png,1024,1595,0.642006
img/asb.old/11/asb-1199.png,1024,1595,0.642006
img/asb.old/12/asb-1200.png,1024,1595,0.642006
img/asb.old/12/asb-1201.png,1024,1595,0.642006
img/asb.old/12/asb-1202.png,1024,1595,0.642006
img/asb.old/12/asb-1203.png,1024,1595,0.642006
img/asb.old/12/asb-1204.png,1024,1595,0.642006
img/asb.old/12/asb-1205.png,1024,1595,0.642006
img/asb.old/12/asb-1206.png,1024,1595,0.642006
img/asb.old/12/asb-1207.png,1024,1595,0.642006
img/asb.old/12/asb-1208.png,1024,1595,0.642006
img/asb.old/12/asb-1209.png,1024,1595,0.642006
img/asb.old/12/asb-1210.png,1024,1595,0.642006
img/asb.old/12/asb-1211.png,1024,1595,0.642006
img/asb.old/12/asb-1212.png,1024,1595,0.642006
img/asb.old/12/asb-1213.png,1024,1595,0.642006
img/asb.old/12/asb-1214.png,1024,1595,0.642006
img/asb.old/12/asb-1215.png,1024,1595,0.642006
img/asb.old/12/asb-1216.png,1024,1595,0.642006
img/asb.old/12/asb-1217.png,1024,1595,0.642006
img/asb.old/12/asb-1218.png,1024,1595,0.642006
img/asb.old/12/asb-1219.png,1024,1595,0.642006
img/asb.old/12/asb-1220.png,1024,1595,0.642006
img/asb.old/12/asb-1221.png,1024,1595,0.642006
img/asb.old/12/asb-1222.png,1024,1595,0.642006
img/asb.old/12/asb-1223.png,1024,1595,0.642006
img/asb.old/12/asb-1224.png,1024,1595,0.642006
img/asb.old/12/asb-1225.png,1024,1595,0.642006
img/asb.old/12/asb-1226.png,1024,1595,0.642006
img/asb.old/12/asb-1227.png,1024,1595,0.642006
img/asb.old/12/asb-1228.png,1024,1595,0.642006
img/asb.old/12/asb-1229.png,1024,1595,0.642006
img/asb.old/12/asb-1230.png,1024,1595,0.642006
img/asb.old/12/asb-1231.png,1024,1595,0.642006
img/asb.old/12/asb-1232.png,1024,1595,0.642006
img/asb.old/12/asb-1233.png,1024,1595,0.642006
img/asb.old/12/asb-1234.png,1024,1595,0.642006
img/asb.old/12/asb-1235.png,1024,1595,0.642006
img/asb.old/12/asb-1236.png,1024,1595,0.642006
img/asb.old/12/asb-1237.png,1024,1595,0.642006
img/asb.old/12/asb-1238.png,1024,1595,0.642006
img/asb.old/12/asb-1239.png,1024,1595,0.642006
img/asb.old/12/asb-1240.png,1024,1595,0.642006
img/asb.old/12/asb-1241.png,1024,1595,0.642006
img/asb.old/12/asb-1242.png,1024,1595,0.642006
img/asb.old/12/asb-1243.png,1024,1595,0.642006
img/asb.old/12/asb-1244.png,1024,1595,0.642006
img/asb.old/12/asb-1245.png,1024,1595,0.642006
img/asb.old/12/asb-1246.png,1024,1595,0.642006
img/asb.old/12/asb-1247.png,1024,1595,0.642006
img/asb.old/12/asb-1248.png,1024,1595,0.642006
img/asb.old/12/asb-1249.png,1024,1595,0.642006
img/asb.old/12/asb-1250.png,1024,1595,0.642006
img/asb.old/12/asb-1251.png,1024,1595,0.642006
img/asb.old/12/asb-1252.png,1024,1595,0.642006
img/asb.old/12/asb-1253.png,1024,1595,0.642006
img/asb.old/12/asb-1254.png,1024,1595,0.642006
img/asb.old/12/asb-1255.png,1024,1595,0.642006
img/asb.old/12/asb-1256.png,1024,1595,0.642006
img/asb.old/12/asb-1257.png,1024,1595,0.642006
img/asb.old/12/asb-1258.png,1024,1595,0.642006
img/asb.old/12/asb-1259.png,1024,1595,0.642006
img/asb.old/12/asb-1260.png,1024,1595,0.642006
img/asb.old/12/asb-1261.png,1024,1595,0.642006
img/asb.old/12/asb-1262.png,1024,1595,0.642006
img/asb.old/12/asb-1263.png,1024,1595,0.642006
img/asb.old/12/asb-1264.png,1024,1595,0.642006
img/asb.old/12/asb-1265.png,1024,1595,0.642006
img/asb.old/12/asb-1266.png,1024,1595,0.642006
img/asb.old/12/asb-1267.png,1024,1595,0.642006
img/asb.old/12/asb-1268.png,1024,1595,0.642006
img/asb.old/12/asb-1269.png,1024,1595,0.642006
img/asb.old/12/asb-1270.png,1024,1595,0.642006
img/asb.old/12/asb-1271.png,1024,1595,0.642006
img/asb.old/12/asb-1272.png,1024,1595,0.642006
img/asb.old/12/asb-1273.png,1024,1595,0.642006
img/asb.old/12/asb-1274.png,1024,1595,0.642006
img/asb.old/12/asb-1275.png,1024,1595,0.642006
img/asb.old/12/asb-1276.png,1024,1595,0.642006
img/asb.old/12/asb-1277.png,1024,1595,0.642006
img/asb.old/12/asb-1278.png,1024,1595,0.642006
img/asb.old/12/asb-1279.png,1024,1595,0.642006
img/asb.old/12/asb-1280.png,1024,1595,0.642006
img/asb.old/12/asb-1281.png,1024,1595,0.642006
img/asb.old/12/asb-1282.png,1024,1595,0.642006
img/asb.old/12/asb-1283.png,1024,1595,0.642006
img/asb.old/12/asb-1284.png,1024,1595,0.642006
img/asb.old/12/asb-1285.png,1024,1595,0.642006
img/asb.old/12/asb-1286.png,1024,1595,0.642006
img/asb.old/12/asb-1287.png,1024,1595,0.642006
img/asb.old/12/asb-1288.png,1024,1595,0.642006
img/asb.old/12/asb-1289.png,1024,1595,0.642006
img/asb.old/12/asb-1290.png,1024,1595,0.642006
img/asb.old/12/asb-1291.png,1024,1595,0.642006
img/asb.old/12/asb-1292.png,1024,1595,0.642006
img/asb.old/12/asb-1293.png,1024,1595,0.642006
img/asb.old/12/asb-1294.png,1024,1595,0.642006
img/asb.old/12/asb-1295.png,1024,1595,0.642006
img/asb.old/12/asb-1296.png,1024,1595,0.642006
img/asb.old/12/asb-1297.png,1024,1595,0.642006
img/asb.old/12/asb-1298.png,1024,1595,0.642006
img/asb.old/12/asb-1299.png,1024,1595,0.642006
img/asb.old/13/asb-1300.png,1024,1595,0.642006
img/asb.old/13/asb-1301.png,1024,1595,0.642006
img/asb.old/13/asb-1302.png,1024,1595,0.642006
img/asb.old/13/asb-1303.png,1024,1595,0.642006
img/asb.old/13/asb-1304.png,1024,1595,0.642006
img/asb.old/13/asb-1305.png,1024,1595,0.642006
img/asb.old/13/asb-1306.png,1024,1595,0.642006
img/asb.old/13/asb-1307.png,1024,1595,0.642006
img/asb.old/13/asb-1308.png,1024,1595,0.642006
img/asb.old/13/asb-1309.png,1024,1595,0.642006
img/asb.old/13/asb-1310.png,1024,1595,0.642006
img/asb.old/13/asb-1311.png,1024,1595,0.642006
img/asb.old/13/asb-1312.png,1024,1595,0.642006
img/asb.old/13/asb-1313.png,1024,1595,0.642006
img/asb.old/13/asb-1314.png,1024,1595,0.642006
img/asb.old/13/asb-1315.png,1024,1595,0.642006
img/asb.old/13/asb-1316.png,1024,1595,0.642006
img/asb.old/13/asb-1317.png,1024,1595,0.642006
img/asb.old/13/asb-1318.png,1024,1595,0.642006
img/asb.old/13/asb-1319.png,1024,1595,0.642006
img/asb.old/13/asb-1320.png,1024,1595,0.642006
img/asb.old/13/asb-1321.png,1024,1595,0.642006
img/asb.old/13/asb-1322.png,1024,1595,0.642006
img/asb.old/13/asb-1323.png,1024,1595,0.642006
img/asb.old/13/asb-1324.png,1024,1595,0.642006
img/asb.old/13/asb-1325.png,1024,1595,0.642006
img/asb.old/13/asb-1326.png,1024,1595,0.642006
img/asb.old/13/asb-1327.png,1024,1595,0.642006
img/asb.old/13/asb-1328.png,1024,1595,0.642006
img/asb.old/13/asb-1329.png,1024,1595,0.642006
img/asb.old/13/asb-1330.png,1024,1595,0.642006
img/asb.old/13/asb-1331.png,1024,1595,0.642006
img/asb.old/13/asb-1332.png,1024,1595,0.642006
img/asb.old/13/asb-1333.png,1024,1595,0.642006
img/asb.old/13/asb-1334.png,1024,1595,0.642006
img/asb.old/13/asb-1335.png,1024,1595,0.642006
img/asb.old/13/asb-1336.png,1024,1595,0.642006
img/asb.old/13/asb-1337.png,1024,1595,0.642006
img/asb.old/13/asb-1338.png,1024,1595,0.642006
img/asb.old/13/asb-1339.png,1024,1595,0.642006
img/asb.old/13/asb-1340.png,1024,1595,0.642006
img/asb.old/13/asb-1341.png,1024,1595,0.642006
img/asb.old/13/asb-1342.png,1024,1595,0.642006
img/asb.old/13/asb-1343.png,1024,1595,0.642006
img/asb.old/13/asb-1344.png,1024,1595,0.642006
img/asb.old/13/asb-1345.png,1024,1595,0.642006
img/asb.old/13/asb-1346.png,1024,1595,0.642006
img/asb.old/13/asb-1347.png,1024,1595,0.642006
img/asb.old/13/asb-1348.png,1024,1595,0.642006
img/asb.old/13/asb-1349.png,1024,1595,0.642006
img/asb.old/13/asb-1350.png,1024,1595,0.642006
img/asb.old/13/asb-1351.png,1024,1595,0.642006
img/asb.old/13/asb-1352.png,1024,1595,0.642006
img/asb.old/13/asb-1353.png,1024,1595,0.642006
img/asb.old/13/asb-1354.png,1024,1595,0.642006
img/asb.old/13/asb-1355.png,1024,1595,0.642006
img/asb.old/13/asb-1356.png,1024,1595,0.642006
img/asb.old/13/asb-1357.png,1024,1595,0.642006
img/asb.old/13/asb-1358.png,1024,1595,0.642006
img/asb.old/13/asb-1359.png,1024,1595,0.642006
img/asb.old/13/asb-1360.png,1024,1595,0.642006
img/asb.old/13/asb-1361.png,1024,1595,0.642006
img/asb.old/13/asb-1362.png,1024,1595,0.642006
img/asb.old/13/asb-1363.png,1024,1595,0.642006
img/asb.old/13/asb-1364.png,1024,1595,0.642006
img/asb.old/13/asb-1365.png,1024,1595,0.642006
img/asb.old/13/asb-1366.png,1024,1595,0.642006
img/asb.old/13/asb-1367.png,1024,1595,0.642006
img/asb.old/13/asb-1368.png,1024,1595,0.642006
img/asb.old/13/asb-1369.png,1024,1595,0.642006
img/asb.old/13/asb-1370.png,1024,1595,0.642006
img/asb.old/13/asb-1371.png,1024,1595,0.642006
img/asb.old/13/asb-1372.png,1024,1595,0.642006
img/asb.old/13/asb-1373.png,1024,1595,0.642006
img/asb.old/13/asb-1374.png,1024,1595,0.642006
img/asb.old/13/asb-1375.png,1024,1595,0.642006
img/asb.old/13/asb-1376.png,1024,1595,0.642006
img/asb.old/13/asb-1377.png,1024,1595,0.642006
img/asb.old/13/asb-1378.png,1024,1595,0.642006
img/asb.old/13/asb-1379.png,1024,1595,0.642006
img/asb.old/13/asb-1380.png,1024,1595,0.642006
img/asb.old/13/asb-1381.png,1024,1595,0.642006
img/asb.old/13/asb-1382.png,1024,1595,0.642006
img/asb.old/13/asb-1383.png,1024,1595,0.642006
img/asb.old/13/asb-1384.png,1024,1595,0.642006
img/asb.old/13/asb-1385.png,1024,1595,0.642006
img/asb.old/13/asb-1386.png,1024,1595,0.642006
img/asb.old/13/asb-1387.png,1024,1595,0.642006
img/asb.old/13/asb-1388.png,1024,1595,0.642006
img/asb.old/13/asb-1389.png,1024,1595,0.642006
img/asb.old/13/asb-1390.png,1024,1595,0.642006
img/asb.old/13/asb-1391.png,1024,1595,0.642006
img/asb.old/1/asb-0100.png,1024,1595,0.642006
img/asb.old/1/asb-0101.png,1024,1595,0.642006
img/asb.old/1/asb-0102.png,1024,1595,0.642006
img/asb.old/1/asb-0103.png,1024,1595,0.642006
img/asb.old/1/asb-0104.png,1024,1595,0.642006
img/asb.old/1/asb-0105.png,1024,1595,0.642006
img/asb.old/1/asb-0106.png,1024,1595,0.642006
img/asb.old/1/asb-0107.png,1024,1595,0.642006
img/asb.old/1/asb-0108.png,1024,1595,0.642006
img/asb.old/1/asb-0109.png,1024,1595,0.642006
img/asb.old/1/asb-0110.png,1024,1595,0.642006
img/asb.old/1/asb-0111.png,1024,1595,0.642006
img/asb.old/1/asb-0112.png,1024,1595,0.642006
img/asb.old/1/asb-0113.png,1024,1595,0.642006
img/asb.old/1/asb-0114.png,1024,1595,0.642006
img/asb.old/1/asb-0115.png,1024,1595,0.642006
img/asb.old/1/asb-0116.png,1024,1595,0.642006
img/asb.old/1/asb-0117.png,1024,1595,0.642006
img/asb.old/1/asb-0118.png,1024,1595,0.642006
img/asb.old/1/asb-0119.png,1024,1595,0.642006
img/asb.old/1/asb-0120.png,1024,1595,0.642006
img/asb.old/1/asb-0121.png,1024,1595,0.642006
img/asb.old/1/asb-0122.png,1024,1595,0.642006
img/asb.old/1/asb-0123.png,1024,1595,0.642006
img/asb.old/1/asb-0124.png,1024,1595,0.642006
img/asb.old/1/asb-0125.png,1024,1595,0.642006
img/asb.old/1/asb-0126.png,1024,1595,0.642006
img/asb.old/1/asb-0127.png,1024,1595,0.642006
img/asb.old/1/asb-0128.png,1024,1595,0.642006
img/asb.old/1/asb-0129.png,1024,1595,0.642006
img/asb.old/1/asb-0130.png,1024,1595,0.642006
img/asb.old/1/asb-0131.png,1024,1595,0.642006
img/asb.old/1/asb-0132.png,1024,1595,0.642006
img/asb.old/1/asb-0133.png,1024,1595,0.642006
img/asb.old/1/asb-0134.png,1024,1595,0.642006
img/asb.old/1/asb-0135.png,1024,1595,0.642006
img/asb.old/1/asb-0136.png,1024,1595,0.642006
img/asb.old/1/asb-0137.png,1024,1595,0.642006
img/asb.old/1/asb-0138.png,1024,1595,0.642006
img/asb.old/1/asb-0139.png,1024,1595,0.642006
img/asb.old/1/asb-0140.png,1024,1595,0.642006
img/asb.old/1/asb-0141.png,1024,1595,0.642006
img/asb.old/1/asb-0142.png,1024,1595,0.642006
img/asb.old/1/asb-0143.png,1024,1595,0.642006
img/asb.old/1/asb-0144.png,1024,1595,0.642006
img/asb.old/1/asb-0145.png,1024,1595,0.642006
img/asb.old/1/asb-0146.png,1024,1595,0.642006
img/asb.old/1/asb-0147.png,1024,1595,0.642006
img/asb.old/1/asb-0148.png,1024,1595,0.642006
img/asb.old/1/asb-0149.png,1024,1595,0.642006
img/asb.old/1/asb-0150.png,1024,1595,0.642006
img/asb.old/1/asb-0151.png,1024,1595,0.642006
img/asb.old/1/asb-0152.png,1024,1595,0.642006
img/asb.old/1/asb-0153.png,1024,1595,0.642006
img/asb.old/1/asb-0154.png,1024,1595,0.642006
img/asb.old/1/asb-0155.png,1024,1595,0.642006
img/asb.old/1/asb-0156.png,1024,1595,0.642006
img/asb.old/1/asb-0157.png,1024,1595,0.642006
img/asb.old/1/asb-0158.png,1024,1595,0.642006
img/asb.old/1/asb-0159.png,1024,1595,0.642006
img/asb.old/1/asb-0160.png,1024,1595,0.642006
img/asb.old/1/asb-0161.png,1024,1595,0.642006
img/asb.old/1/asb-0162.png,1024,1595,0.642006
img/asb.old/1/asb-0163.png,1024,1595,0.642006
img/asb.old/1/asb-0164.png,1024,1595,0.642006
img/asb.old/1/asb-0165.png,1024,1595,0.642006
img/asb.old/1/asb-0166.png,1024,1595,0.642006
img/asb.old/1/asb-0167.png,1024,1595,0.642006
img/asb.old/1/asb-0168.png,1024,1595,0.642006
img/asb.old/1/asb-0169.png,1024,1595,0.642006
img/asb.old/1/asb-0170.png,1024,1595,0.642006
img/asb.old/1/asb-0171.png,1024,1595,0.642006
img/asb.old/1/asb-0172.png,1024,1595,0.642006
img/asb.old/1/asb-0173.png,1024,1595,0.642006
img/asb.old/1/asb-0174.png,1024,1595,0.642006
img/asb.old/1/asb-0175.png,1024,1595,0.642006
img/asb.old/1/asb-0176.png,1024,1595,0.642006
img/asb.old/1/asb-0177.png,1024,1595,0.642006
img/asb.old/1/asb-0178.png,1024,1595,0.642006
img/asb.old/1/asb-0179.png,1024,1595,0.642006
img/asb.old/1/asb-0180.png,1024,1595,0.642006
img/asb.old/1/asb-0181.png,1024,1595,0.642006
img/asb.old/1/asb-0182.png,1024,1595,0.642006
img/asb.old/1/asb-0183.png,1024,1595,0.642006
img/asb.old/1/asb-0184.png,1024,1595,0.642006
img/asb.old/1/asb-0185.png,1024,1595,0.642006
img/asb.old/1/asb-0186.png,1024,1595,0.642006
img/asb.old/1/asb-0187.png,1024,1595,0.642006
img/asb.old/1/asb-0188.png,1024,1595,0.642006
img/asb.old/1/asb-0189.png,1024,1595,0.642006
img/asb.old/1/asb-0190.png,1024,1595,0.642006
img/asb.old/1/asb-0191.png,1024,1595,0.642006
img/asb.old/1/asb-0192.png,1024,1595,0.642006
img/asb.old/1/asb-0193.png,1024,1595,0.642006
img/asb.old/1/asb-0194.png,1024,1595,0.642006
img/asb.old/1/asb-0195.png,1024,1595,0.642006
img/asb.old/1/asb-0196.png,1024,1595,0.642006
img/asb.old/1/asb-0197.png,1024,1595,0.642006
img/asb.old/1/asb-0198.png,1024,1595,0.642006
img/asb.old/1/asb-0199.png,1024,1595,0.642006
img/asb.old/2/asb-0200.png,1024,1595,0.642006
img/asb.old/2/asb-0201.png,1024,1595,0.642006
img/asb.old/2/asb-0202.png,1024,1595,0.642006
img/asb.old/2/asb-0203.png,1024,1595,0.642006
img/asb.old/2/asb-0204.png,1024,1595,0.642006
img/asb.old/2/asb-0205.png,1024,1595,0.642006
img/asb.old/2/asb-0206.png,1024,1595,0.642006
img/asb.old/2/asb-0207.png,1024,1595,0.642006
img/asb.old/2/asb-0208.png,1024,1595,0.642006
img/asb.old/2/asb-0209.png,1024,1595,0.642006
img/asb.old/2/asb-0210.png,1024,1595,0.642006
img/asb.old/2/asb-0211.png,1024,1595,0.642006
img/asb.old/2/asb-0212.png,1024,1595,0.642006
img/asb.old/2/asb-0213.png,1024,1595,0.642006
img/asb.old/2/asb-0214.png,1024,1595,0.642006
img/asb.old/2/asb-0215.png,1024,1595,0.642006
img/asb.old/2/asb-0216.png,1024,1595,0.642006
img/asb.old/2/asb-0217.png,1024,1595,0.642006
img/asb.old/2/asb-0218.png,1024,1595,0.642006
img/asb.old/2/asb-0219.png,1024,1595,0.642006
img/asb.old/2/asb-0220.png,1024,1595,0.642006
img/asb.old/2/asb-0221.png,1024,1595,0.642006
img/asb.old/2/asb-0222.png,1024,1595,0.642006
img/asb.old/2/asb-0223.png,1024,1595,0.642006
img/asb.old/2/asb-0224.png,1024,1595,0.642006
img/asb.old/2/asb-0225.png,1024,1595,0.642006
img/asb.old/2/asb-0226.png,1024,1595,0.642006
img/asb.old/2/asb-0227.png,1024,1595,0.642006
img/asb.old/2/asb-0228.png,1024,1595,0.642006
img/asb.old/2/asb-0229.png,1024,1595,0.642006
img/asb.old/2/asb-0230.png,1024,1595,0.642006
img/asb.old/2/asb-0231.png,1024,1595,0.642006
img/asb.old/2/asb-0232.png,1024,1595,0.642006
img/asb.old/2/asb-0233.png,1024,1595,0.642006
img/asb.old/2/asb-0234.png,1024,1595,0.642006
img/asb.old/2/asb-0235.png,1024,1595,0.642006
img/asb.old/2/asb-0236.png,1024,1595,0.642006
img/asb.old/2/asb-0237.png,1024,1595,0.642006
img/asb.old/2/asb-0238.png,1024,1595,0.642006
img/asb.old/2/asb-0239.png,1024,1595,0.642006
img/asb.old/2/asb-0240.png,1024,1595,0.642006
img/asb.old/2/asb-0241.png,1024,1595,0.642006
img/asb.old/2/asb-0242.png,1024,1595,0.642006
img/asb.old/2/asb-0243.png,1024,1595,0.642006
img/asb.old/2/asb-0244.png,1024,1595,0.642006
img/asb.old/2/asb-0245.png,1024,1595,0.642006
img/asb.old/2/asb-0246.png,1024,1595,0.642006
img/asb.old/2/asb-0247.png,1024,1595,0.642006
img/asb.old/2/asb-0248.png,1024,1595,0.642006
img/asb.old/2/asb-0249.png,1024,1595,0.642006
img/asb.old/2/asb-0250.png,1024,1595,0.642006
img/asb.old/2/asb-0251.png,1024,1595,0.642006
img/asb.old/2/asb-0252.png,1024,1595,0.642006
img/asb.old/2/asb-0253.png,1024,1595,0.642006
img/asb.old/2/asb-0254.png,1024,1595,0.642006
img/asb.old/2/asb-0255.png,1024,1595,0.642006
img/asb.old/2/asb-0256.png,1024,1595,0.642006
img/asb.old/2/asb-0257.png,1024,1595,0.642006
img/asb.old/2/asb-0258.png,1024,1595,0.642006
img/asb.old/2/asb-0259.png,1024,1595,0.642006
img/asb.old/2/asb-0260.png,1024,1595,0.642006
img/asb.old/2/asb-0261.png,1024,1595,0.642006
img/asb.old/2/asb-0262.png,1024,1595,0.642006
img/asb.old/2/asb-0263.png,1024,1595,0.642006
img/asb.old/2/asb-0264.png,1024,1595,0.642006
img/asb.old/2/asb-0265.png,1024,1595,0.642006
img/asb.old/2/asb-0266.png,1024,1595,0.642006
img/asb.old/2/asb-0267.png,1024,1595,0.642006
img/asb.old/2/asb-0268.png,1024,1595,0.642006
img/asb.old/2/asb-0269.png,1024,1595,0.642006
img/asb.old/2/asb-0270.png,1024,1595,0.642006
img/asb.old/2/asb-0271.png,1024,1595,0.642006
img/asb.old/2/asb-0272.png,1024,1595,0.642006
img/asb.old/2/asb-0273.png,1024,1595,0.642006
img/asb.old/2/asb-0274.png,1024,1595,0.642006
img/asb.old/2/asb-0275.png,1024,1595,0.642006
img/asb.old/2/asb-0276.png,1024,1595,0.642006
img/asb.old/2/asb-0277.png,1024,1595,0.642006
img/asb.old/2/asb-0278.png,1024,1595,0.642006
img/asb.old/2/asb-0279.png,1024,1595,0.642006
img/asb.old/2/asb-0280.png,1024,1595,0.642006
img/asb.old/2/asb-0281.png,1024,1595,0.642006
img/asb.old/2/asb-0282.png,1024,1595,0.642006
img/asb.old/2/asb-0283.png,1024,1595,0.642006
img/asb.old/2/asb-0284.png,1024,1595,0.642006
img/asb.old/2/asb-0285.png,1024,1595,0.642006
img/asb.old/2/asb-0286.png,1024,1595,0.642006
img/asb.old/2/asb-0287.png,1024,1595,0.642006
img/asb.old/2/asb-0288.png,1024,1595,0.642006
img/asb.old/2/asb-0289.png,1024,1595,0.642006
img/asb.old/2/asb-0290.png,1024,1595,0.642006
img/asb.old/2/asb-0291.png,1024,1595,0.642006
img/asb.old/2/asb-0292.png,1024,1595,0.642006
img/asb.old/2/asb-0293.png,1024,1595,0.642006
img/asb.old/2/asb-0294.png,1024,1595,0.642006
img/asb.old/2/asb-0295.png,1024,1595,0.642006
img/asb.old/2/asb-0296.png,1024,1595,0.642006
img/asb.old/2/asb-0297.png,1024,1595,0.642006
img/asb.old/2/asb-0298.png,1024,1595,0.642006
img/asb.old/2/asb-0299.png,1024,1595,0.642006
img/asb.old/3/asb-0300.png,1024,1595,0.642006
img/asb.old/3/asb-0301.png,1024,1595,0.642006
img/asb.old/3/asb-0302.png,1024,1595,0.642006
img/asb.old/3/asb-0303.png,1024,1595,0.642006
img/asb.old/3/asb-0304.png,1024,1595,0.642006
img/asb.old/3/asb-0305.png,1024,1595,0.642006
img/asb.old/3/asb-0306.png,1024,1595,0.642006
img/asb.old/3/asb-0307.png,1024,1595,0.642006
img/asb.old/3/asb-0308.png,1024,1595,0.642006
img/asb.old/3/asb-0309.png,1024,1595,0.642006
img/asb.old/3/asb-0310.png,1024,1595,0.642006
img/asb.old/3/asb-0311.png,1024,1595,0.642006
img/asb.old/3/asb-0312.png,1024,1595,0.642006
img/asb.old/3/asb-0313.png,1024,1595,0.642006
img/asb.old/3/asb-0314.png,1024,1595,0.642006
img/asb.old/3/asb-0315.png,1024,1595,0.642006
img/asb.old/3/asb-0316.png,1024,1595,0.642006
img/asb.old/3/asb-0317.png,1024,1595,0.642006
img/asb.old/3/asb-0318.png,1024,1595,0.642006
img/asb.old/3/asb-0319.png,1024,1595,0.642006
img/asb.old/3/asb-0320.png,1024,1595,0.642006
img/asb.old/3/asb-0321.png,1024,1595,0.642006
img/asb.old/3/asb-0322.png,1024,1595,0.642006
img/asb.old/3/asb-0323.png,1024,1595,0.642006
img/asb.old/3/asb-0324.png,1024,1595,0.642006
img/asb.old/3/asb-0325.png,1024,1595,0.642006
img/asb.old/3/asb-0326.png,1024,1595,0.642006
img/asb.old/3/asb-0327.png,1024,1595,0.642006
img/asb.old/3/asb-0328.png,1024,1595,0.642006
img/asb.old/3/asb-0329.png,1024,1595,0.642006
img/asb.old/3/asb-0330.png,1024,1595,0.642006
img/asb.old/3/asb-0331.png,1024,1595,0.642006
img/asb.old/3/asb-0332.png,1024,1595,0.642006
img/asb.old/3/asb-0333.png,1024,1595,0.642006
img/asb.old/3/asb-0334.png,1024,1595,0.642006
img/asb.old/3/asb-0335.png,1024,1595,0.642006
img/asb.old/3/asb-0336.png,1024,1595,0.642006
img/asb.old/3/asb-0337.png,1024,1595,0.642006
img/asb.old/3/asb-0338.png,1024,1595,0.642006
img/asb.old/3/asb-0339.png,1024,1595,0.642006
img/asb.old/3/asb-0340.png,1024,1595,0.642006
img/asb.old/3/asb-0341.png,1024,1595,0.642006
img/asb.old/3/asb-0342.png,1024,1595,0.642006
img/asb.old/3/asb-0343.png,1024,1595,0.642006
img/asb.old/3/asb-0344.png,1024,1595,0.642006
img/asb.old/3/asb-0345.png,1024,1595,0.642006
img/asb.old/3/asb-0346.png,1024,1595,0.642006
img/asb.old/3/asb-0347.png,1024,1595,0.642006
img/asb.old/3/asb-0348.png,1024,1595,0.642006
img/asb.old/3/asb-0349.png,1024,1595,0.642006
img/asb.old/3/asb-0350.png,1024,1595,0.642006
img/asb.old/3/asb-0351.png,1024,1595,0.642006
img/asb.old/3/asb-0352.png,1024,1595,0.642006
img/asb.old/3/asb-0353.png,1024,1595,0.642006
img/asb.old/3/asb-0354.png,1024,1595,0.642006
img/asb.old/3/asb-0355.png,1024,1595,0.642006
img/asb.old/3/asb-0356.png,1024,1595,0.642006
img/asb.old/3/asb-0357.png,1024,1595,0.642006
img/asb.old/3/asb-0358.png,1024,1595,0.642006
img/asb.old/3/asb-0359.png,1024,1595,0.642006
img/asb.old/3/asb-0360.png,1024,1595,0.642006
img/asb.old/3/asb-0361.png,1024,1595,0.642006
img/asb.old/3/asb-0362.png,1024,1595,0.642006
img/asb.old/3/asb-0363.png,1024,1595,0.642006
img/asb.old/3/asb-0364.png,1024,1595,0.642006
img/asb.old/3/asb-0365.png,1024,1595,0.642006
img/asb.old/3/asb-0366.png,1024,1595,0.642006
img/asb.old/3/asb-0367.png,1024,1595,0.642006
img/asb.old/3/asb-0368.png,1024,1595,0.642006
img/asb.old/3/asb-0369.png,1024,1595,0.642006
img/asb.old/3/asb-0370.png,1024,1595,0.642006
img/asb.old/3/asb-0371.png,1024,1595,0.642006
img/asb.old/3/asb-0372.png,1024,1595,0.642006
img/asb.old/3/asb-0373.png,1024,1595,0.642006
img/asb.old/3/asb-0374.png,1024,1595,0.642006
img/asb.old/3/asb-0375.png,1024,1595,0.642006
img/asb.old/3/asb-0376.png,1024,1595,0.642006
img/asb.old/3/asb-0377.png,1024,1595,0.642006
img/asb.old/3/asb-0378.png,1024,1595,0.642006
img/asb.old/3/asb-0379.png,1024,1595,0.642006
img/asb.old/3/asb-0380.png,1024,1595,0.642006
img/asb.old/3/asb-0381.png,1024,1595,0.642006
img/asb.old/3/asb-0382.png,1024,1595,0.642006
img/asb.old/3/asb-0383.png,1024,1595,0.642006
img/asb.old/3/asb-0384.png,1024,1595,0.642006
img/asb.old/3/asb-0385.png,1024,1595,0.642006
img/asb.old/3/asb-0386.png,1024,1595,0.642006
img/asb.old/3/asb-0387.png,1024,1595,0.642006
img/asb.old/3/asb-0388.png,1024,1595,0.642006
img/asb.old/3/asb-0389.png,1024,1595,0.642006
img/asb.old/3/asb-0390.png,1024,1595,0.642006
img/asb.old/3/asb-0391.png,1024,1595,0.642006
img/asb.old/3/asb-0392.png,1024,1595,0.642006
img/asb.old/3/asb-0393.png,1024,1595,0.642006
img/asb.old/3/asb-0394.png,1024,1595,0.642006
img/asb.old/3/asb-0395.png,1024,1595,0.642006
img/asb.old/3/asb-0396.png,1024,1595,0.642006
img/asb.old/3/asb-0397.png,1024,1595,0.642006
img/asb.old/3/asb-0398.png,1024,1595,0.642006
img/asb.old/3/asb-0399.png,1024,1595,0.642006
img/asb.old/4/asb-0400.png,1024,1595,0.642006
img/asb.old/4/asb-0401.png,1024,1595,0.642006
img/asb.old/4/asb-0402.png,1024,1595,0.642006
img/asb.old/4/asb-0403.png,1024,1595,0.642006
img/asb.old/4/asb-0404.png,1024,1595,0.642006
img/asb.old/4/asb-0405.png,1024,1595,0.642006
img/asb.old/4/asb-0406.png,1024,1595,0.642006
img/asb.old/4/asb-0407.png,1024,1595,0.642006
img/asb.old/4/asb-0408.png,1024,1595,0.642006
img/asb.old/4/asb-0409.png,1024,1595,0.642006
img/asb.old/4/asb-0410.png,1024,1595,0.642006
img/asb.old/4/asb-0411.png,1024,1595,0.642006
img/asb.old/4/asb-0412.png,1024,1595,0.642006
img/asb.old/4/asb-0413.png,1024,1595,0.642006
img/asb.old/4/asb-0414.png,1024,1595,0.642006
img/asb.old/4/asb-0415.png,1024,1595,0.642006
img/asb.old/4/asb-0416.png,1024,1595,0.642006
img/asb.old/4/asb-0417.png,1024,1595,0.642006
img/asb.old/4/asb-0418.png,1024,1595,0.642006
img/asb.old/4/asb-0419.png,1024,1595,0.642006
img/asb.old/4/asb-0420.png,1024,1595,0.642006
img/asb.old/4/asb-0421.png,1024,1595,0.642006
img/asb.old/4/asb-0422.png,1024,1595,0.642006
img/asb.old/4/asb-0423.png,1024,1595,0.642006
img/asb.old/4/asb-0424.png,1024,1595,0.642006
img/asb.old/4/asb-0425.png,1024,1595,0.642006
img/asb.old/4/asb-0426.png,1024,1595,0.642006
img/asb.old/4/asb-0427.png,1024,1595,0.642006
img/asb.old/4/asb-0428.png,1024,1595,0.642006
img/asb.old/4/asb-0429.png,1024,1595,0.642006
img/asb.old/4/asb-0430.png,1024,1595,0.642006
img/asb.old/4/asb-0431.png,1024,1595,0.642006
img/asb.old/4/asb-0432.png,1024,1595,0.642006
img/asb.old/4/asb-0433.png,1024,1595,0.642006
img/asb.old/4/asb-0434.png,1024,1595,0.642006
img/asb.old/4/asb-0435.png,1024,1595,0.642006
img/asb.old/4/asb-0436.png,1024,1595,0.642006
img/asb.old/4/asb-0437.png,1024,1595,0.642006
img/asb.old/4/asb-0438.png,1024,1595,0.642006
img/asb.old/4/asb-0439.png,1024,1595,0.642006
img/asb.old/4/asb-0440.png,1024,1595,0.642006
img/asb.old/4/asb-0441.png,1024,1595,0.642006
img/asb.old/4/asb-0442.png,1024,1595,0.642006
img/asb.old/4/asb-0443.png,1024,1595,0.642006
img/asb.old/4/asb-0444.png,1024,1595,0.642006
img/asb.old/4/asb-0445.png,1024,1595,0.642006
img/asb.old/4/asb-0446.png,1024,1595,0.642006
img/asb.old/4/asb-0447.png,1024,1595,0.642006
img/asb.old/4/asb-0448.png,1024,1595,0.642006
img/asb.old/4/asb-0449.png,1024,1595,0.642006
img/asb.old/4/asb-0450.png,1024,1595,0.642006
img/asb.old/4/asb-0451.png,1024,1595,0.642006
img/asb.old/4/asb-0452.png,1024,1595,0.642006
img/asb.old/4/asb-0453.png,1024,1595,0.642006
img/asb.old/4/asb-0454.png,1024,1595,0.642006
img/asb.old/4/asb-0455.png,1024,1595,0.642006
img/asb.old/4/asb-0456.png,1024,1595,0.642006
img/asb.old/4/asb-0457.png,1024,1595,0.642006
img/asb.old/4/asb-0458.png,1024,1595,0.642006
img/asb.old/4/asb-0459.png,1024,1595,0.642006
img/asb.old/4/asb-0460.png,1024,1595,0.642006
img/asb.old/4/asb-0461.png,1024,1595,0.642006
img/asb.old/4/asb-0462.png,1024,1595,0.642006
img/asb.old/4/asb-0463.png,1024,1595,0.642006
img/asb.old/4/asb-0464.png,1024,1595,0.642006
img/asb.old/4/asb-0465.png,1024,1595,0.642006
img/asb.old/4/asb-0466.png,1024,1595,0.642006
img/asb.old/4/asb-0467.png,1024,1595,0.642006
img/asb.old/4/asb-0468.png,1024,1595,0.642006
img/asb.old/4/asb-0469.png,1024,1595,0.642006
img/asb.old/4/asb-0470.png,1024,1595,0.642006
img/asb.old/4/asb-0471.png,1024,1595,0.642006
img/asb.old/4/asb-0472.png,1024,1595,0.642006
img/asb.old/4/asb-0473.png,1024,1595,0.642006
img/asb.old/4/asb-0474.png,1024,1595,0.642006
img/asb.old/4/asb-0475.png,1024,1595,0.642006
img/asb.old/4/asb-0476.png,1024,1595,0.642006
img/asb.old/4/asb-0477.png,1024,1595,0.642006
img/asb.old/4/asb-0478.png,1024,1595,0.642006
img/asb.old/4/asb-0479.png,1024,1595,0.642006
img/asb.old/4/asb-0480.png,1024,1595,0.642006
img/asb.old/4/asb-0481.png,1024,1595,0.642006
img/asb.old/4/asb-0482.png,1024,1595,0.642006
img/asb.old/4/asb-0483.png,1024,1595,0.642006
img/asb.old/4/asb-0484.png,1024,1595,0.642006
img/asb.old/4/asb-0485.png,1024,1595,0.642006
img/asb.old/4/asb-0486.png,1024,1595,0.642006
img/asb.old/4/asb-0487.png,1024,1595,0.642006
img/asb.old/4/asb-0488.png,1024,1595,0.642006
img/asb.old/4/asb-0489.png,1024,1595,0.642006
img/asb.old/4/asb-0490.png,1024,1595,0.642006
img/asb.old/4/asb-0491.png,1024,1595,0.642006
img/asb.old/4/asb-0492.png,1024,1595,0.642006
img/asb.old/4/asb-0493.png,1024,1595,0.642006
img/asb.old/4/asb-0494.png,1024,1595,0.642006
img/asb.old/4/asb-0495.png,1024,1595,0.642006
img/asb.old/4/asb-0496.png,1024,1595,0.642006
img/asb.old/4/asb-0497.png,1024,1595,0.642006
img/asb.old/4/asb-0498.png,1024,1595,0.642006
img/asb.old/4/asb-0499.png,1024,1595,0.642006
img/asb.old/5/asb-0500.png,1024,1595,0.642006
img/asb.old/5/asb-0501.png,1024,1595,0.642006
img/asb.old/5/asb-0502.png,1024,1595,0.642006
img/asb.old/5/asb-0503.png,1024,1595,0.642006
img/asb.old/5/asb-0504.png,1024,1595,0.642006
img/asb.old/5/asb-0505.png,1024,1595,0.642006
img/asb.old/5/asb-0506.png,1024,1595,0.642006
img/asb.old/5/asb-0507.png,1024,1595,0.642006
img/asb.old/5/asb-0508.png,1024,1595,0.642006
img/asb.old/5/asb-0509.png,1024,1595,0.642006
img/asb.old/5/asb-0510.png,1024,1595,0.642006
img/asb.old/5/asb-0511.png,1024,1595,0.642006
img/asb.old/5/asb-0512.png,1024,1595,0.642006
img/asb.old/5/asb-0513.png,1024,1595,0.642006
img/asb.old/5/asb-0514.png,1024,1595,0.642006
img/asb.old/5/asb-0515.png,1024,1595,0.642006
img/asb.old/5/asb-0516.png,1024,1595,0.642006
img/asb.old/5/asb-0517.png,1024,1595,0.642006
img/asb.old/5/asb-0518.png,1024,1595,0.642006
img/asb.old/5/asb-0519.png,1024,1595,0.642006
img/asb.old/5/asb-0520.png,1024,1595,0.642006
img/asb.old/5/asb-0521.png,1024,1595,0.642006
img/asb.old/5/asb-0522.png,1024,1595,0.642006
img/asb.old/5/asb-0523.png,1024,1595,0.642006
img/asb.old/5/asb-0524.png,1024,1595,0.642006
img/asb.old/5/asb-0525.png,1024,1595,0.642006
img/asb.old/5/asb-0526.png,1024,1595,0.642006
img/asb.old/5/asb-0527.png,1024,1595,0.642006
img/asb.old/5/asb-0528.png,1024,1595,0.642006
img/asb.old/5/asb-0529.png,1024,1595,0.642006
img/asb.old/5/asb-0530.png,1024,1595,0.642006
img/asb.old/5/asb-0531.png,1024,1595,0.642006
img/asb.old/5/asb-0532.png,1024,1595,0.642006
img/asb.old/5/asb-0533.png,1024,1595,0.642006
img/asb.old/5/asb-0534.png,1024,1595,0.642006
img/asb.old/5/asb-0535.png,1024,1595,0.642006
img/asb.old/5/asb-0536.png,1024,1595,0.642006
img/asb.old/5/asb-0537.png,1024,1595,0.642006
img/asb.old/5/asb-0538.png,1024,1595,0.642006
img/asb.old/5/asb-0539.png,1024,1595,0.642006
img/asb.old/5/asb-0540.png,1024,1595,0.642006
img/asb.old/5/asb-0541.png,1024,1595,0.642006
img/asb.old/5/asb-0542.png,1024,1595,0.642006
img/asb.old/5/asb-0543.png,1024,1595,0.642006
img/asb.old/5/asb-0544.png,1024,1595,0.642006
img/asb.old/5/asb-0545.png,1024,1595,0.642006
img/asb.old/5/asb-0546.png,1024,1595,0.642006
img/asb.old/5/asb-0547.png,1024,1595,0.642006
img/asb.old/5/asb-0548.png,1024,1595,0.642006
img/asb.old/5/asb-0549.png,1024,1595,0.642006
img/asb.old/5/asb-0550.png,1024,1595,0.642006
img/asb.old/5/asb-0551.png,1024,1595,0.642006
img/asb.old/5/asb-0552.png,1024,1595,0.642006
img/asb.old/5/asb-0553.png,1024,1595,0.642006
img/asb.old/5/asb-0554.png,1024,1595,0.642006
img/asb.old/5/asb-0555.png,1024,1595,0.642006
img/asb.old/5/asb-0556.png,1024,1595,0.642006
img/asb.old/5/asb-0557.png,1024,1595,0.642006
img/asb.old/5/asb-0558.png,1024,1595,0.642006
img/asb.old/5/asb-0559.png,1024,1595,0.642006
img/asb.old/5/asb-0560.png,1024,1595,0.642006
img/asb.old/5/asb-0561.png,1024,1595,0.642006
img/asb.old/5/asb-0562.png,1024,1595,0.642006
img/asb.old/5/asb-0563.png,1024,1595,0.642006
img/asb.old/5/asb-0564.png,1024,1595,0.642006
img/asb.old/5/asb-0565.png,1024,1595,0.642006
img/asb.old/5/asb-0566.png,1024,1595,0.642006
img/asb.old/5/asb-0567.png,1024,1595,0.642006
img/asb.old/5/asb-0568.png,1024,1595,0.642006
img/asb.old/5/asb-0569.png,1024,1595,0.642006
img/asb.old/5/asb-0570.png,1024,1595,0.642006
img/asb.old/5/asb-0571.png,1024,1595,0.642006
img/asb.old/5/asb-0572.png,1024,1595,0.642006
img/asb.old/5/asb-0573.png,1024,1595,0.642006
img/asb.old/5/asb-0574.png,1024,1595,0.642006
img/asb.old/5/asb-0575.png,1024,1595,0.642006
img/asb.old/5/asb-0576.png,1024,1595,0.642006
img/asb.old/5/asb-0577.png,1024,1595,0.642006
img/asb.old/5/asb-0578.png,1024,1595,0.642006
img/asb.old/5/asb-0579.png,1024,1595,0.642006
img/asb.old/5/asb-0580.png,1024,1595,0.642006
img/asb.old/5/asb-0581.png,1024,1595,0.642006
img/asb.old/5/asb-0582.png,1024,1595,0.642006
img/asb.old/5/asb-0583.png,1024,1595,0.642006
img/asb.old/5/asb-0584.png,1024,1595,0.642006
img/asb.old/5/asb-0585.png,1024,1595,0.642006
img/asb.old/5/asb-0586.png,1024,1595,0.642006
img/asb.old/5/asb-0587.png,1024,1595,0.642006
img/asb.old/5/asb-0588.png,1024,1595,0.642006
img/asb.old/5/asb-0589.png,1024,1595,0.642006
img/asb.old/5/asb-0590.png,1024,1595,0.642006
img/asb.old/5/asb-0591.png,1024,1595,0.642006
img/asb.old/5/asb-0592.png,1024,1595,0.642006
img/asb.old/5/asb-0593.png,1024,1595,0.642006
img/asb.old/5/asb-0594.png,1024,1595,0.642006
img/asb.old/5/asb-0595.png,1024,1595,0.642006
img/asb.old/5/asb-0596.png,1024,1595,0.642006
img/asb.old/5/asb-0597.png,1024,1595,0.642006
img/asb.old/5/asb-0598.png,1024,1595,0.642006
img/asb.old/5/asb-0599.png,1024,1595,0.642006
img/asb.old/6/asb-0600.png,1024,1595,0.642006
img/asb.old/6/asb-0601.png,1024,1595,0.642006
img/asb.old/6/asb-0602.png,1024,1595,0.642006
img/asb.old/6/asb-0603.png,1024,1595,0.642006
img/asb.old/6/asb-0604.png,1024,1595,0.642006
img/asb.old/6/asb-0605.png,1024,1595,0.642006
img/asb.old/6/asb-0606.png,1024,1595,0.642006
img/asb.old/6/asb-0607.png,1024,1595,0.642006
img/asb.old/6/asb-0608.png,1024,1595,0.642006
img/asb.old/6/asb-0609.png,1024,1595,0.642006
img/asb.old/6/asb-0610.png,1024,1595,0.642006
img/asb.old/6/asb-0611.png,1024,1595,0.642006
img/asb.old/6/asb-0612.png,1024,1595,0.642006
img/asb.old/6/asb-0613.png,1024,1595,0.642006
img/asb.old/6/asb-0614.png,1024,1595,0.642006
img/asb.old/6/asb-0615.png,1024,1595,0.642006
img/asb.old/6/asb-0616.png,1024,1595,0.642006
img/asb.old/6/asb-0617.png,1024,1595,0.642006
img/asb.old/6/asb-0618.png,1024,1595,0.642006
img/asb.old/6/asb-0619.png,1024,1595,0.642006
img/asb.old/6/asb-0620.png,1024,1595,0.642006
img/asb.old/6/asb-0621.png,1024,1595,0.642006
img/asb.old/6/asb-0622.png,1024,1595,0.642006
img/asb.old/6/asb-0623.png,1024,1595,0.642006
img/asb.old/6/asb-0624.png,1024,1595,0.642006
img/asb.old/6/asb-0625.png,1024,1595,0.642006
img/asb.old/6/asb-0626.png,1024,1595,0.642006
img/asb.old/6/asb-0627.png,1024,1595,0.642006
img/asb.old/6/asb-0628.png,1024,1595,0.642006
img/asb.old/6/asb-0629.png,1024,1595,0.642006
img/asb.old/6/asb-0630.png,1024,1595,0.642006
img/asb.old/6/asb-0631.png,1024,1595,0.642006
img/asb.old/6/asb-0632.png,1024,1595,0.642006
img/asb.old/6/asb-0633.png,1024,1595,0.642006
img/asb.old/6/asb-0634.png,1024,1595,0.642006
img/asb.old/6/asb-0635.png,1024,1595,0.642006
img/asb.old/6/asb-0636.png,1024,1595,0.642006
img/asb.old/6/asb-0637.png,1024,1595,0.642006
img/asb.old/6/asb-0638.png,1024,1595,0.642006
img/asb.old/6/asb-0639.png,1024,1595,0.642006
img/asb.old/6/asb-0640.png,1024,1595,0.642006
img/asb.old/6/asb-0641.png,1024,1595,0.642006
img/asb.old/6/asb-0642.png,1024,1595,0.642006
img/asb.old/6/asb-0643.png,1024,1595,0.642006
img/asb.old/6/asb-0644.png,1024,1595,0.642006
img/asb.old/6/asb-0645.png,1024,1595,0.642006
img/asb.old/6/asb-0646.png,1024,1595,0.642006
img/asb.old/6/asb-0647.png,1024,1595,0.642006
img/asb.old/6/asb-0648.png,1024,1595,0.642006
img/asb.old/6/asb-0649.png,1024,1595,0.642006
img/asb.old/6/asb-0650.png,1024,1595,0.642006
img/asb.old/6/asb-0651.png,1024,1595,0.642006
img/asb.old/6/asb-0652.png,1024,1595,0.642006
img/asb.old/6/asb-0653.png,1024,1595,0.642006
img/asb.old/6/asb-0654.png,1024,1595,0.642006
img/asb.old/6/asb-0655.png,1024,1595,0.642006
img/asb.old/6/asb-0656.png,1024,1595,0.642006
img/asb.old/6/asb-0657.png,1024,1595,0.642006
img/asb.old/6/asb-0658.png,1024,1595,0.642006
img/asb.old/6/asb-0659.png,1024,1595,0.642006
img/asb.old/6/asb-0660.png,1024,1595,0.642006
img/asb.old/6/asb-0661.png,1024,1595,0.642006
img/asb.old/6/asb-0662.png,1024,1595,0.642006
img/asb.old/6/asb-0663.png,1024,1595,0.642006
img/asb.old/6/asb-0664.png,1024,1595,0.642006
img/asb.old/6/asb-0665.png,1024,1595,0.642006
img/asb.old/6/asb-0666.png,1024,1595,0.642006
img/asb.old/6/asb-0667.png,1024,1595,0.642006
img/asb.old/6/asb-0668.png,1024,1595,0.642006
img/asb.old/6/asb-0669.png,1024,1595,0.642006
img/asb.old/6/asb-0670.png,1024,1595,0.642006
img/asb.old/6/asb-0671.png,1024,1595,0.642006
img/asb.old/6/asb-0672.png,1024,1595,0.642006
img/asb.old/6/asb-0673.png,1024,1595,0.642006
img/asb.old/6/asb-0674.png,1024,1595,0.642006
img/asb.old/6/asb-0675.png,1024,1595,0.642006
img/asb.old/6/asb-0676.png,1024,1595,0.642006
img/asb.old/6/asb-0677.png,1024,1595,0.642006
img/asb.old/6/asb-0678.png,1024,1595,0.642006
img/asb.old/6/asb-0679.png,1024,1595,0.642006
img/asb.old/6/asb-0680.png,1024,1595,0.642006
img/asb.old/6/asb-0681.png,1024,1595,0.642006
img/asb.old/6/asb-0682.png,1024,1595,0.642006
img/asb.old/6/asb-0683.png,1024,1595,0.642006
img/asb.old/6/asb-0684.png,1024,1595,0.642006
img/asb.old/6/asb-0685.png,1024,1595,0.642006
img/asb.old/6/asb-0686.png,1024,1595,0.642006
img/asb.old/6/asb-0687.png,1024,1595,0.642006
img/asb.old/6/asb-0688.png,1024,1595,0.642006
img/asb.old/6/asb-0689.png,1024,1595,0.642006
img/asb.old/6/asb-0690.png,1024,1595,0.642006
img/asb.old/6/asb-0691.png,1024,1595,0.642006
img/asb.old/6/asb-0692.png,1024,1595,0.642006
img/asb.old/6/asb-0693.png,1024,1595,0.642006
img/asb.old/6/asb-0694.png,1024,1595,0.642006
img/asb.old/6/asb-0695.png,1024,1595,0.642006
img/asb.old/6/asb-0696.png,1024,1595,0.642006
img/asb.old/6/asb-0697.png,1024,1595,0.642006
img/asb.old/6/asb-0698.png,1024,1595,0.642006
img/asb.old/6/asb-0699.png,1024,1595,0.642006
img/asb.old/7/asb-0700.png,1024,1595,0.642006
img/asb.old/7/asb-0701.png,1024,1595,0.642006
img/asb.old/7/asb-0702.png,1024,1595,0.642006
img/asb.old/7/asb-0703.png,1024,1595,0.642006
img/asb.old/7/asb-0704.png,1024,1595,0.642006
img/asb.old/7/asb-0705.png,1024,1595,0.642006
img/asb.old/7/asb-0706.png,1024,1595,0.642006
img/asb.old/7/asb-0707.png,1024,1595,0.642006
img/asb.old/7/asb-0708.png,1024,1595,0.642006
img/asb.old/7/asb-0709.png,1024,1595,0.642006
img/asb.old/7/asb-0710.png,1024,1595,0.642006
img/asb.old/7/asb-0711.png,1024,1595,0.642006
img/asb.old/7/asb-0712.png,1024,1595,0.642006
img/asb.old/7/asb-0713.png,1024,1595,0.642006
img/asb.old/7/asb-0714.png,1024,1595,0.642006
img/asb.old/7/asb-0715.png,1024,1595,0.642006
img/asb.old/7/asb-0716.png,1024,1595,0.642006
img/asb.old/7/asb-0717.png,1024,1595,0.642006
img/asb.old/7/asb-0718.png,1024,1595,0.642006
img/asb.old/7/asb-0719.png,1024,1595,0.642006
img/asb.old/7/asb-0720.png,1024,1595,0.642006
img/asb.old/7/asb-0721.png,1024,1595,0.642006
img/asb.old/7/asb-0722.png,1024,1595,0.642006
img/asb.old/7/asb-0723.png,1024,1595,0.642006
img/asb.old/7/asb-0724.png,1024,1595,0.642006
img/asb.old/7/asb-0725.png,1024,1595,0.642006
img/asb.old/7/asb-0726.png,1024,1595,0.642006
img/asb.old/7/asb-0727.png,1024,1595,0.642006
img/asb.old/7/asb-0728.png,1024,1595,0.642006
img/asb.old/7/asb-0729.png,1024,1595,0.642006
img/asb.old/7/asb-0730.png,1024,1595,0.642006
img/asb.old/7/asb-0731.png,1024,1595,0.642006
img/asb.old/7/asb-0732.png,1024,1595,0.642006
img/asb.old/7/asb-0733.png,1024,1595,0.642006
img/asb.old/7/asb-0734.png,1024,1595,0.642006
img/asb.old/7/asb-0735.png,1024,1595,0.642006
img/asb.old/7/asb-0736.png,1024,1595,0.642006
img/asb.old/7/asb-0737.png,1024,1595,0.642006
img/asb.old/7/asb-0738.png,1024,1595,0.642006
img/asb.old/7/asb-0739.png,1024,1595,0.642006
img/asb.old/7/asb-0740.png,1024,1595,0.642006
img/asb.old/7/asb-0741.png,1024,1595,0.642006
img/asb.old/7/asb-0742.png,1024,1595,0.642006
img/asb.old/7/asb-0743.png,1024,1595,0.642006
img/asb.old/7/asb-0744.png,1024,1595,0.642006
img/asb.old/7/asb-0745.png,1024,1595,0.642006
img/asb.old/7/asb-0746.png,1024,1595,0.642006
img/asb.old/7/asb-0747.png,1024,1595,0.642006
img/asb.old/7/asb-0748.png,1024,1595,0.642006
img/asb.old/7/asb-0749.png,1024,1595,0.642006
img/asb.old/7/asb-0750.png,1024,1595,0.642006
img/asb.old/7/asb-0751.png,1024,1595,0.642006
img/asb.old/7/asb-0752.png,1024,1595,0.642006
img/asb.old/7/asb-0753.png,1024,1595,0.642006
img/asb.old/7/asb-0754.png,1024,1595,0.642006
img/asb.old/7/asb-0755.png,1024,1595,0.642006
img/asb.old/7/asb-0756.png,1024,1595,0.642006
img/asb.old/7/asb-0757.png,1024,1595,0.642006
img/asb.old/7/asb-0758.png,1024,1595,0.642006
img/asb.old/7/asb-0759.png,1024,1595,0.642006
img/asb.old/7/asb-0760.png,1024,1595,0.642006
img/asb.old/7/asb-0761.png,1024,1595,0.642006
img/asb.old/7/asb-0762.png,1024,1595,0.642006
img/asb.old/7/asb-0763.png,1024,1595,0.642006
img/asb.old/7/asb-0764.png,1024,1595,0.642006
img/asb.old/7/asb-0765.png,1024,1595,0.642006
img/asb.old/7/asb-0766.png,1024,1595,0.642006
img/asb.old/7/asb-0767.png,1024,1595,0.642006
img/asb.old/7/asb-0768.png,1024,1595,0.642006
img/asb.old/7/asb-0769.png,1024,1595,0.642006
img/asb.old/7/asb-0770.png,1024,1595,0.642006
img/asb.old/7/asb-0771.png,1024,1595,0.642006
img/asb.old/7/asb-0772.png,1024,1595,0.642006
img/asb.old/7/asb-0773.png,1024,1595,0.642006
img/asb.old/7/asb-0774.png,1024,1595,0.642006
img/asb.old/7/asb-0775.png,1024,1595,0.642006
img/asb.old/7/asb-0776.png,1024,1595,0.642006
img/asb.old/7/asb-0777.png,1024,1595,0.642006
img/asb.old/7/asb-0778.png,1024,1595,0.642006
img/asb.old/7/asb-0779.png,1024,1595,0.642006
img/asb.old/7/asb-0780.png,1024,1595,0.642006
img/asb.old/7/asb-0781.png,1024,1595,0.642006
img/asb.old/7/asb-0782.png,1024,1595,0.642006
img/asb.old/7/asb-0783.png,1024,1595,0.642006
img/asb.old/7/asb-0784.png,1024,1595,0.642006
img/asb.old/7/asb-0785.png,1024,1595,0.642006
img/asb.old/7/asb-0786.png,1024,1595,0.642006
img/asb.old/7/asb-0787.png,1024,1595,0.642006
img/asb.old/7/asb-0788.png,1024,1595,0.642006
img/asb.old/7/asb-0789.png,1024,1595,0.642006
img/asb.old/7/asb-0790.png,1024,1595,0.642006
img/asb.old/7/asb-0791.png,1024,1595,0.642006
img/asb.old/7/asb-0792.png,1024,1595,0.642006
img/asb.old/7/asb-0793.png,1024,1595,0.642006
img/asb.old/7/asb-0794.png,1024,1595,0.642006
img/asb.old/7/asb-0795.png,1024,1595,0.642006
img/asb.old/7/asb-0796.png,1024,1595,0.642006
img/asb.old/7/asb-0797.png,1024,1595,0.642006
img/asb.old/7/asb-0798.png,1024,1595,0.642006
img/asb.old/7/asb-0799.png,1024,1595,0.642006
img/asb.old/8/asb-0800.png,1024,1595,0.642006
img/asb.old/8/asb-0801.png,1024,1595,0.642006
img/asb.old/8/asb-0802.png,1024,1595,0.642006
img/asb.old/8/asb-0803.png,1024,1595,0.642006
img/asb.old/8/asb-0804.png,1024,1595,0.642006
img/asb.old/8/asb-0805.png,1024,1595,0.642006
img/asb.old/8/asb-0806.png,1024,1595,0.642006
img/asb.old/8/asb-0807.png,1024,1595,0.642006
img/asb.old/8/asb-0808.png,1024,1595,0.642006
img/asb.old/8/asb-0809.png,1024,1595,0.642006
img/asb.old/8/asb-0810.png,1024,1595,0.642006
img/asb.old/8/asb-0811.png,1024,1595,0.642006
img/asb.old/8/asb-0812.png,1024,1595,0.642006
img/asb.old/8/asb-0813.png,1024,1595,0.642006
img/asb.old/8/asb-0814.png,1024,1595,0.642006
img/asb.old/8/asb-0815.png,1024,1595,0.642006
img/asb.old/8/asb-0816.png,1024,1595,0.642006
img/asb.old/8/asb-0817.png,1024,1595,0.642006
img/asb.old/8/asb-0818.png,1024,1595,0.642006
img/asb.old/8/asb-0819.png,1024,1595,0.642006
img/asb.old/8/asb-0820.png,1024,1595,0.642006
img/asb.old/8/asb-0821.png,1024,1595,0.642006
img/asb.old/8/asb-0822.png,1024,1595,0.642006
img/asb.old/8/asb-0823.png,1024,1595,0.642006
img/asb.old/8/asb-0824.png,1024,1595,0.642006
img/asb.old/8/asb-0825.png,1024,1595,0.642006
img/asb.old/8/asb-0826.png,1024,1595,0.642006
img/asb.old/8/asb-0827.png,1024,1595,0.642006
img/asb.old/8/asb-0828.png,1024,1595,0.642006
img/asb.old/8/asb-0829.png,1024,1595,0.642006
img/asb.old/8/asb-0830.png,1024,1595,0.642006
img/asb.old/8/asb-0831.png,1024,1595,0.642006
img/asb.old/8/asb-0832.png,1024,1595,0.642006
img/asb.old/8/asb-0833.png,1024,1595,0.642006
img/asb.old/8/asb-0834.png,1024,1595,0.642006
img/asb.old/8/asb-0835.png,1024,1595,0.642006
img/asb.old/8/asb-0836.png,1024,1595,0.642006
img/asb.old/8/asb-0837.png,1024,1595,0.642006
img/asb.old/8/asb-0838.png,1024,1595,0.642006
img/asb.old/8/asb-0839.png,1024,1595,0.642006
img/asb.old/8/asb-0840.png,1024,1595,0.642006
img/asb.old/8/asb-0841.png,1024,1595,0.642006
img/asb.old/8/asb-0842.png,1024,1595,0.642006
img/asb.old/8/asb-0843.png,1024,1595,0.642006
img/asb.old/8/asb-0844.png,1024,1595,0.642006
img/asb.old/8/asb-0845.png,1024,1595,0.642006
img/asb.old/8/asb-0846.png,1024,1595,0.642006
img/asb.old/8/asb-0847.png,1024,1595,0.642006
img/asb.old/8/asb-0848.png,1024,1595,0.642006
img/asb.old/8/asb-0849.png,1024,1595,0.642006
img/asb.old/8/asb-0850.png,1024,1595,0.642006
img/asb.old/8/asb-0851.png,1024,1595,0.642006
img/asb.old/8/asb-0852.png,1024,1595,0.642006
img/asb.old/8/asb-0853.png,1024,1595,0.642006
img/asb.old/8/asb-0854.png,1024,1595,0.642006
img/asb.old/8/asb-0855.png,1024,1595,0.642006
img/asb.old/8/asb-0856.png,1024,1595,0.642006
img/asb.old/8/asb-0857.png,1024,1595,0.642006
img/asb.old/8/asb-0858.png,1024,1595,0.642006
img/asb.old/8/asb-0859.png,1024,1595,0.642006
img/asb.old/8/asb-0860.png,1024,1595,0.642006
img/asb.old/8/asb-0861.png,1024,1595,0.642006
img/asb.old/8/asb-0862.png,1024,1595,0.642006
img/asb.old/8/asb-0863.png,1024,1595,0.642006
img/asb.old/8/asb-0864.png,1024,1595,0.642006
img/asb.old/8/asb-0865.png,1024,1595,0.642006
img/asb.old/8/asb-0866.png,1024,1595,0.642006
img/asb.old/8/asb-0867.png,1024,1595,0.642006
img/asb.old/8/asb-0868.png,1024,1595,0.642006
img/asb.old/8/asb-0869.png,1024,1595,0.642006
img/asb.old/8/asb-0870.png,1024,1595,0.642006
img/asb.old/8/asb-0871.png,1024,1595,0.642006
img/asb.old/8/asb-0872.png,1024,1595,0.642006
img/asb.old/8/asb-0873.png,1024,1595,0.642006
img/asb.old/8/asb-0874.png,1024,1595,0.642006
img/asb.old/8/asb-0875.png,1024,1595,0.642006
img/asb.old/8/asb-0876.png,1024,1595,0.642006
img/asb.old/8/asb-0877.png,1024,1595,0.642006
img/asb.old/8/asb-0878.png,1024,1595,0.642006
img/asb.old/8/asb-0879.png,1024,1595,0.642006
img/asb.old/8/asb-0880.png,1024,1595,0.642006
img/asb.old/8/asb-0881.png,1024,1595,0.642006
img/asb.old/8/asb-0882.png,1024,1595,0.642006
img/asb.old/8/asb-0883.png,1024,1595,0.642006
img/asb.old/8/asb-0884.png,1024,1595,0.642006
img/asb.old/8/asb-0885.png,1024,1595,0.642006
img/asb.old/8/asb-0886.png,1024,1595,0.642006
img/asb.old/8/asb-0887.png,1024,1595,0.642006
img/asb.old/8/asb-0888.png,1024,1595,0.642006
img/asb.old/8/asb-0889.png,1024,1595,0.642006
img/asb.old/8/asb-0890.png,1024,1595,0.642006
img/asb.old/8/asb-0891.png,1024,1595,0.642006
img/asb.old/8/asb-0892.png,1024,1595,0.642006
img/asb.old/8/asb-0893.png,1024,1595,0.642006
img/asb.old/8/asb-0894.png,1024,1595,0.642006
img/asb.old/8/asb-0895.png,1024,1595,0.642006
img/asb.old/8/asb-0896.png,1024,1595,0.642006
img/asb.old/8/asb-0897.png,1024,1595,0.642006
img/asb.old/8/asb-0898.png,1024,1595,0.642006
img/asb.old/8/asb-0899.png,1024,1595,0.642006
img/asb.old/9/asb-0900.png,1024,1595,0.642006
img/asb.old/9/asb-0901.png,1024,1595,0.642006
img/asb.old/9/asb-0902.png,1024,1595,0.642006
img/asb.old/9/asb-0903.png,1024,1595,0.642006
img/asb.old/9/asb-0904.png,1024,1595,0.642006
img/asb.old/9/asb-0905.png,1024,1595,0.642006
img/asb.old/9/asb-0906.png,1024,1595,0.642006
img/asb.old/9/asb-0907.png,1024,1595,0.642006
img/asb.old/9/asb-0908.png,1024,1595,0.642006
img/asb.old/9/asb-0909.png,1024,1595,0.642006
img/asb.old/9/asb-0910.png,1024,1595,0.642006
img/asb.old/9/asb-0911.png,1024,1595,0.642006
img/asb.old/9/asb-0912.png,1024,1595,0.642006
img/asb.old/9/asb-0913.png,1024,1595,0.642006
img/asb.old/9/asb-0914.png,1024,1595,0.642006
img/asb.old/9/asb-0915.png,1024,1595,0.642006
img/asb.old/9/asb-0916.png,1024,1595,0.642006
img/asb.old/9/asb-0917.png,1024,1595,0.642006
img/asb.old/9/asb-0918.png,1024,1595,0.642006
img/asb.old/9/asb-0919.png,1024,1595,0.642006
img/asb.old/9/asb-0920.png,1024,1595,0.642006
img/asb.old/9/asb-0921.png,1024,1595,0.642006
img/asb.old/9/asb-0922.png,1024,1595,0.642006
img/asb.old/9/asb-0923.png,1024,1595,0.642006
img/asb.old/9/asb-0924.png,1024,1595,0.642006
img/asb.old/9/asb-0925.png,1024,1595,0.642006
img/asb.old/9/asb-0926.png,1024,1595,0.642006
img/asb.old/9/asb-0927.png,1024,1595,0.642006
img/asb.old/9/asb-0928.png,1024,1595,0.642006
img/asb.old/9/asb-0929.png,1024,1595,0.642006
img/asb.old/9/asb-0930.png,1024,1595,0.642006
img/asb.old/9/asb-0931.png,1024,1595,0.642006
img/asb.old/9/asb-0932.png,1024,1595,0.642006
img/asb.old/9/asb-0933.png,1024,1595,0.642006
img/asb.old/9/asb-0934.png,1024,1595,0.642006
img/asb.old/9/asb-0935.png,1024,1595,0.642006
img/asb.old/9/asb-0936.png,1024,1595,0.642006
img/asb.old/9/asb-0937.png,1024,1595,0.642006
img/asb.old/9/asb-0938.png,1024,1595,0.642006
img/asb.old/9/asb-0939.png,1024,1595,0.642006
img/asb.old/9/asb-0940.png,1024,1595,0.642006
img/asb.old/9/asb-0941.png,1024,1595,0.642006
img/asb.old/9/asb-0942.png,1024,1595,0.642006
img/asb.old/9/asb-0943.png,1024,1595,0.642006
img/asb.old/9/asb-0944.png,1024,1595,0.642006
img/asb.old/9/asb-0945.png,1024,1595,0.642006
img/asb.old/9/asb-0946.png,1024,1595,0.642006
img/asb.old/9/asb-0947.png,1024,1595,0.642006
img/asb.old/9/asb-0948.png,1024,1595,0.642006
img/asb.old/9/asb-0949.png,1024,1595,0.642006
img/asb.old/9/asb-0950.png,1024,1595,0.642006
img/asb.old/9/asb-0951.png,1024,1595,0.642006
img/asb.old/9/asb-0952.png,1024,1595,0.642006
img/asb.old/9/asb-0953.png,1024,1595,0.642006
img/asb.old/9/asb-0954.png,1024,1595,0.642006
img/asb.old/9/asb-0955.png,1024,1595,0.642006
img/asb.old/9/asb-0956.png,1024,1595,0.642006
img/asb.old/9/asb-0957.png,1024,1595,0.642006
img/asb.old/9/asb-0958.png,1024,1595,0.642006
img/asb.old/9/asb-0959.png,1024,1595,0.642006
img/asb.old/9/asb-0960.png,1024,1595,0.642006
img/asb.old/9/asb-0961.png,1024,1595,0.642006
img/asb.old/9/asb-0962.png,1024,1595,0.642006
img/asb.old/9/asb-0963.png,1024,1595,0.642006
img/asb.old/9/asb-0964.png,1024,1595,0.642006
img/asb.old/9/asb-0965.png,1024,1595,0.642006
img/asb.old/9/asb-0966.png,1024,1595,0.642006
img/asb.old/9/asb-0967.png,1024,1595,0.642006
img/asb.old/9/asb-0968.png,1024,1595,0.642006
img/asb.old/9/asb-0969.png,1024,1595,0.642006
img/asb.old/9/asb-0970.png,1024,1595,0.642006
img/asb.old/9/asb-0971.png,1024,1595,0.642006
img/asb.old/9/asb-0972.png,1024,1595,0.642006
img/asb.old/9/asb-0973.png,1024,1595,0.642006
img/asb.old/9/asb-0974.png,1024,1595,0.642006
img/asb.old/9/asb-0975.png,1024,1595,0.642006
img/asb.old/9/asb-0976.png,1024,1595,0.642006
img/asb.old/9/asb-0977.png,1024,1595,0.642006
img/asb.old/9/asb-0978.png,1024,1595,0.642006
img/asb.old/9/asb-0979.png,1024,1595,0.642006
img/asb.old/9/asb-0980.png,1024,1595,0.642006
img/asb.old/9/asb-0981.png,1024,1595,0.642006
img/asb.old/9/asb-0982.png,1024,1595,0.642006
img/asb.old/9/asb-0983.png,1024,1595,0.642006
img/asb.old/9/asb-0984.png,1024,1595,0.642006
img/asb.old/9/asb-0985.png,1024,1595,0.642006
img/asb.old/9/asb-0986.png,1024,1595,0.642006
img/asb.old/9/asb-0987.png,1024,1595,0.642006
img/asb.old/9/asb-0988.png,1024,1595,0.642006
img/asb.old/9/asb-0989.png,1024,1595,0.642006
img/asb.old/9/asb-0990.png,1024,1595,0.642006
img/asb.old/9/asb-0991.png,1024,1595,0.642006
img/asb.old/9/asb-0992.png,1024,1595,0.642006
img/asb.old/9/asb-0993.png,1024,1595,0.642006
img/asb.old/9/asb-0994.png,1024,1595,0.642006
img/asb.old/9/asb-0995.png,1024,1595,0.642006
img/asb.old/9/asb-0996.png,1024,1595,0.642006
img/asb.old/9/asb-0997.png,1024,1595,0.642006
img/asb.old/9/asb-0998.png,1024,1595,0.642006
img/asb.old/9/asb-0999.png,1024,1595,0.642006
